﻿{"domains":[{"Properties":{"highvalue":true,"name":"SYNC.CSL","domain":"SYNC.CSL","objectid":"S-1-5-21-3858090129-1029205206-811436133","distinguishedname":"DC=sync,DC=csl","description":null,"functionallevel":"2016"},"Users":["S-1-5-21-3858090129-1029205206-811436133-500","S-1-5-21-3858090129-1029205206-811436133-501","S-1-5-21-3858090129-1029205206-811436133-502"],"Computers":[],"ChildOus":["03C23337-DE8C-400E-A07B-6C0D81739565","9A9891AD-AC31-44D6-856E-7CDF6F6F2238"],"Trusts":[],"Links":[{"IsEnforced":false,"Guid":"82753F41-8121-433A-8487-F0CA173DEC12"}],"RemoteDesktopUsers":[],"LocalAdmins":[],"DcomUsers":[],"PSRemoteUsers":[],"ObjectIdentifier":"S-1-5-21-3858090129-1029205206-811436133","Aces":[{"PrincipalSID":"SYNC.CSL-S-1-5-32-544","PrincipalType":"Group","RightName":"Owner","AceType":"","IsInherited":false},{"PrincipalSID":"SYNC.CSL-S-1-5-32-544","PrincipalType":"Group","RightName":"WriteDacl","AceType":"","IsInherited":false},{"PrincipalSID":"SYNC.CSL-S-1-5-32-544","PrincipalType":"Group","RightName":"WriteOwner","AceType":"","IsInherited":false},{"PrincipalSID":"SYNC.CSL-S-1-5-32-544","PrincipalType":"Group","RightName":"ExtendedRight","AceType":"All","IsInherited":false},{"PrincipalSID":"S-1-5-21-3858090129-1029205206-811436133-512","PrincipalType":"Group","RightName":"WriteDacl","AceType":"","IsInherited":false},{"PrincipalSID":"S-1-5-21-3858090129-1029205206-811436133-512","PrincipalType":"Group","RightName":"WriteOwner","AceType":"","IsInherited":false},{"PrincipalSID":"S-1-5-21-3858090129-1029205206-811436133-512","PrincipalType":"Group","RightName":"ExtendedRight","AceType":"All","IsInherited":false},{"PrincipalSID":"S-1-5-21-3858090129-1029205206-811436133-519","PrincipalType":"Group","RightName":"GenericAll","AceType":"","IsInherited":false},{"PrincipalSID":"SYNC.CSL-S-1-5-9","PrincipalType":"Group","RightName":"ExtendedRight","AceType":"GetChanges","IsInherited":false},{"PrincipalSID":"SYNC.CSL-S-1-5-32-544","PrincipalType":"Group","RightName":"ExtendedRight","AceType":"GetChangesAll","IsInherited":false},{"PrincipalSID":"SYNC.CSL-S-1-5-32-544","PrincipalType":"Group","RightName":"ExtendedRight","AceType":"GetChanges","IsInherited":false},{"PrincipalSID":"S-1-5-21-3858090129-1029205206-811436133-498","PrincipalType":"Group","RightName":"ExtendedRight","AceType":"GetChanges","IsInherited":false},{"PrincipalSID":"S-1-5-21-3858090129-1029205206-811436133-516","PrincipalType":"Group","RightName":"ExtendedRight","AceType":"GetChangesAll","IsInherited":false},{"PrincipalSID":"S-1-5-21-3858090129-1029205206-811436133-1107","PrincipalType":"User","RightName":"ExtendedRight","AceType":"GetChanges","IsInherited":false},{"PrincipalSID":"S-1-5-21-3858090129-1029205206-811436133-1107","PrincipalType":"User","RightName":"ExtendedRight","AceType":"GetChangesAll","IsInherited":false}]}],"meta":{"count":1,"type":"domains","version":3}}