﻿{"computers":[{"Properties":{"haslaps":false,"highvalue":false,"name":"SYNC.SYNC.CSL","domain":"SYNC.CSL","objectid":"S-1-5-21-3858090129-1029205206-811436133-1000","distinguishedname":"CN=SYNC,OU=Domain Controllers,DC=sync,DC=csl","description":null,"enabled":true,"unconstraineddelegation":true,"serviceprincipalnames":["TERMSRV/SYNC","TERMSRV/sync.sync.csl","Dfsr-12F9A27C-BF97-4787-9364-D31B6C55EB04/sync.sync.csl","ldap/sync.sync.csl/ForestDnsZones.sync.csl","ldap/sync.sync.csl/DomainDnsZones.sync.csl","DNS/sync.sync.csl","GC/sync.sync.csl/sync.csl","RestrictedKrbHost/sync.sync.csl","RestrictedKrbHost/SYNC","RPC/d4e97325-7d8b-4d63-9670-dd6ee3de1311._msdcs.sync.csl","HOST/SYNC/SYNC0","HOST/sync.sync.csl/SYNC0","HOST/SYNC","HOST/sync.sync.csl","HOST/sync.sync.csl/sync.csl","E3514235-4B06-11D1-AB04-00C04FC2DCD2/d4e97325-7d8b-4d63-9670-dd6ee3de1311/sync.csl","ldap/SYNC/SYNC0","ldap/d4e97325-7d8b-4d63-9670-dd6ee3de1311._msdcs.sync.csl","ldap/sync.sync.csl/SYNC0","ldap/SYNC","ldap/sync.sync.csl","ldap/sync.sync.csl/sync.csl"],"lastlogontimestamp":1594152161,"pwdlastset":1592122714,"operatingsystem":"Windows Server 2019 Standard"},"AllowedToDelegate":[],"AllowedToAct":[],"PrimaryGroupSid":"S-1-5-21-3858090129-1029205206-811436133-516","Sessions":[],"LocalAdmins":[{"MemberId":"S-1-5-21-3858090129-1029205206-811436133-500","MemberType":"User"},{"MemberId":"S-1-5-21-3858090129-1029205206-811436133-519","MemberType":"Group"},{"MemberId":"S-1-5-21-3858090129-1029205206-811436133-512","MemberType":"Group"}],"RemoteDesktopUsers":[],"DcomUsers":[],"PSRemoteUsers":[{"MemberId":"S-1-5-21-3858090129-1029205206-811436133-1104","MemberType":"User"}],"ObjectIdentifier":"S-1-5-21-3858090129-1029205206-811436133-1000","Aces":[{"PrincipalSID":"S-1-5-21-3858090129-1029205206-811436133-512","PrincipalType":"Group","RightName":"Owner","AceType":"","IsInherited":false},{"PrincipalSID":"S-1-5-21-3858090129-1029205206-811436133-512","PrincipalType":"Group","RightName":"GenericAll","AceType":"","IsInherited":false},{"PrincipalSID":"S-1-5-21-3858090129-1029205206-811436133-519","PrincipalType":"Group","RightName":"GenericAll","AceType":"","IsInherited":true},{"PrincipalSID":"SYNC.CSL-S-1-5-32-544","PrincipalType":"Group","RightName":"WriteDacl","AceType":"","IsInherited":true},{"PrincipalSID":"SYNC.CSL-S-1-5-32-544","PrincipalType":"Group","RightName":"WriteOwner","AceType":"","IsInherited":true},{"PrincipalSID":"SYNC.CSL-S-1-5-32-544","PrincipalType":"Group","RightName":"GenericWrite","AceType":"","IsInherited":true}]}],"meta":{"count":1,"type":"computers","version":3}}