﻿{"ous":[{"Properties":{"highvalue":false,"name":"DOMAIN CONTROLLERS@SYNC.CSL","domain":"SYNC.CSL","objectid":"03C23337-DE8C-400E-A07B-6C0D81739565","distinguishedname":"OU=Domain Controllers,DC=sync,DC=csl","description":"Default container for domain controllers","blocksinheritance":false},"Links":[{"IsEnforced":false,"Guid":"3BFF0EF2-20FA-4452-9A19-75CABD0C048A"}],"ACLProtected":false,"Users":[],"Computers":["S-1-5-21-3858090129-1029205206-811436133-1000"],"ChildOus":[],"RemoteDesktopUsers":[],"LocalAdmins":[],"DcomUsers":[],"PSRemoteUsers":[],"ObjectIdentifier":"03C23337-DE8C-400E-A07B-6C0D81739565","Aces":[{"PrincipalSID":"S-1-5-21-3858090129-1029205206-811436133-512","PrincipalType":"Group","RightName":"Owner","AceType":"","IsInherited":false},{"PrincipalSID":"S-1-5-21-3858090129-1029205206-811436133-512","PrincipalType":"Group","RightName":"WriteDacl","AceType":"","IsInherited":false},{"PrincipalSID":"S-1-5-21-3858090129-1029205206-811436133-512","PrincipalType":"Group","RightName":"WriteOwner","AceType":"","IsInherited":false},{"PrincipalSID":"S-1-5-21-3858090129-1029205206-811436133-519","PrincipalType":"Group","RightName":"GenericAll","AceType":"","IsInherited":true},{"PrincipalSID":"SYNC.CSL-S-1-5-32-544","PrincipalType":"Group","RightName":"WriteDacl","AceType":"","IsInherited":true},{"PrincipalSID":"SYNC.CSL-S-1-5-32-544","PrincipalType":"Group","RightName":"WriteOwner","AceType":"","IsInherited":true}]},{"Properties":{"highvalue":false,"name":"EMPLOYEES@SYNC.CSL","domain":"SYNC.CSL","objectid":"9A9891AD-AC31-44D6-856E-7CDF6F6F2238","distinguishedname":"OU=Employees,DC=sync,DC=csl","description":null,"blocksinheritance":false},"Links":[],"ACLProtected":false,"Users":["S-1-5-21-3858090129-1029205206-811436133-1109","S-1-5-21-3858090129-1029205206-811436133-1107","S-1-5-21-3858090129-1029205206-811436133-1104"],"Computers":[],"ChildOus":[],"RemoteDesktopUsers":[],"LocalAdmins":[],"DcomUsers":[],"PSRemoteUsers":[],"ObjectIdentifier":"9A9891AD-AC31-44D6-856E-7CDF6F6F2238","Aces":[{"PrincipalSID":"S-1-5-21-3858090129-1029205206-811436133-512","PrincipalType":"Group","RightName":"Owner","AceType":"","IsInherited":false},{"PrincipalSID":"S-1-5-21-3858090129-1029205206-811436133-512","PrincipalType":"Group","RightName":"GenericAll","AceType":"","IsInherited":false},{"PrincipalSID":"S-1-5-21-3858090129-1029205206-811436133-519","PrincipalType":"Group","RightName":"GenericAll","AceType":"","IsInherited":true},{"PrincipalSID":"SYNC.CSL-S-1-5-32-544","PrincipalType":"Group","RightName":"WriteDacl","AceType":"","IsInherited":true},{"PrincipalSID":"SYNC.CSL-S-1-5-32-544","PrincipalType":"Group","RightName":"WriteOwner","AceType":"","IsInherited":true}]}],"meta":{"count":2,"type":"ous","version":3}}