﻿{"ous":[{"Properties":{"highvalue":false,"name":"DOMAIN CONTROLLERS@ROAST.CSL","domain":"ROAST.CSL","objectid":"118995E1-B538-4320-A993-034CFC561E7D","distinguishedname":"OU=Domain Controllers,DC=roast,DC=csl","description":"Default container for domain controllers","blocksinheritance":false},"Links":[{"IsEnforced":false,"Guid":"0EA3602F-2455-46D9-8E03-799250A6A9DE"}],"ACLProtected":false,"Users":[],"Computers":["S-1-5-21-4133422454-1522376082-951199702-1000"],"ChildOus":[],"RemoteDesktopUsers":[],"LocalAdmins":[],"DcomUsers":[],"PSRemoteUsers":[],"ObjectIdentifier":"118995E1-B538-4320-A993-034CFC561E7D","Aces":[{"PrincipalSID":"S-1-5-21-4133422454-1522376082-951199702-512","PrincipalType":"Group","RightName":"Owner","AceType":"","IsInherited":false},{"PrincipalSID":"S-1-5-21-4133422454-1522376082-951199702-512","PrincipalType":"Group","RightName":"WriteDacl","AceType":"","IsInherited":false},{"PrincipalSID":"S-1-5-21-4133422454-1522376082-951199702-512","PrincipalType":"Group","RightName":"WriteOwner","AceType":"","IsInherited":false},{"PrincipalSID":"S-1-5-21-4133422454-1522376082-951199702-519","PrincipalType":"Group","RightName":"GenericAll","AceType":"","IsInherited":true},{"PrincipalSID":"ROAST.CSL-S-1-5-32-544","PrincipalType":"Group","RightName":"WriteDacl","AceType":"","IsInherited":true},{"PrincipalSID":"ROAST.CSL-S-1-5-32-544","PrincipalType":"Group","RightName":"WriteOwner","AceType":"","IsInherited":true}]},{"Properties":{"highvalue":false,"name":"ROAST@ROAST.CSL","domain":"ROAST.CSL","objectid":"2B037BF1-5425-42BB-97E4-FBE7E019A9F8","distinguishedname":"OU=Roast,DC=roast,DC=csl","description":null,"blocksinheritance":false},"Links":[],"ACLProtected":false,"Users":["S-1-5-21-4133422454-1522376082-951199702-1104","S-1-5-21-4133422454-1522376082-951199702-1103","S-1-5-21-4133422454-1522376082-951199702-1106","S-1-5-21-4133422454-1522376082-951199702-1105"],"Computers":[],"ChildOus":[],"RemoteDesktopUsers":[],"LocalAdmins":[],"DcomUsers":[],"PSRemoteUsers":[],"ObjectIdentifier":"2B037BF1-5425-42BB-97E4-FBE7E019A9F8","Aces":[{"PrincipalSID":"S-1-5-21-4133422454-1522376082-951199702-512","PrincipalType":"Group","RightName":"Owner","AceType":"","IsInherited":false},{"PrincipalSID":"S-1-5-21-4133422454-1522376082-951199702-512","PrincipalType":"Group","RightName":"GenericAll","AceType":"","IsInherited":false},{"PrincipalSID":"S-1-5-21-4133422454-1522376082-951199702-519","PrincipalType":"Group","RightName":"GenericAll","AceType":"","IsInherited":true},{"PrincipalSID":"ROAST.CSL-S-1-5-32-544","PrincipalType":"Group","RightName":"WriteDacl","AceType":"","IsInherited":true},{"PrincipalSID":"ROAST.CSL-S-1-5-32-544","PrincipalType":"Group","RightName":"WriteOwner","AceType":"","IsInherited":true}]}],"meta":{"count":2,"type":"ous","version":3}}