{"computers":[{"ObjectIdentifier": "S-1-5-21-4133422454-1522376082-951199702-1000", "AllowedToAct": [], "PrimaryGroupSid": "S-1-5-21-4133422454-1522376082-951199702-516", "LocalAdmins": [{"MemberId": "S-1-5-21-4133422454-1522376082-951199702-519", "MemberType": "Group"}, {"MemberId": "S-1-5-21-4133422454-1522376082-951199702-512", "MemberType": "Group"}, {"MemberId": "S-1-5-21-4133422454-1522376082-951199702-500", "MemberType": "User"}], "PSRemoteUsers": [{"MemberId": "S-1-5-21-4133422454-1522376082-951199702-1104", "MemberType": "User"}, {"MemberId": "S-1-5-21-4133422454-1522376082-951199702-1106", "MemberType": "User"}], "Properties": {"name": "ROAST.ROAST.CSL", "objectid": "S-1-5-21-4133422454-1522376082-951199702-1000", "domain": "ROAST.CSL", "highvalue": false, "distinguishedname": "CN=ROAST,OU=Domain Controllers,DC=roast,DC=csl", "unconstraineddelegation": true, "enabled": true, "haslaps": false, "lastlogontimestamp": 1593324878, "pwdlastset": 1593324855, "serviceprincipalnames": ["TERMSRV/ROAST", "TERMSRV/Roast.roast.csl", "Dfsr-12F9A27C-BF97-4787-9364-D31B6C55EB04/Roast.roast.csl", "ldap/Roast.roast.csl/ForestDnsZones.roast.csl", "ldap/Roast.roast.csl/DomainDnsZones.roast.csl", "DNS/Roast.roast.csl", "GC/Roast.roast.csl/roast.csl", "RestrictedKrbHost/Roast.roast.csl", "RestrictedKrbHost/ROAST", "RPC/3fa001a8-fa90-4622-9659-fd0d235534aa._msdcs.roast.csl", "HOST/ROAST/ROAST0", "HOST/Roast.roast.csl/ROAST0", "HOST/ROAST", "HOST/Roast.roast.csl", "HOST/Roast.roast.csl/roast.csl", "E3514235-4B06-11D1-AB04-00C04FC2DCD2/3fa001a8-fa90-4622-9659-fd0d235534aa/roast.csl", "ldap/ROAST/ROAST0", "ldap/3fa001a8-fa90-4622-9659-fd0d235534aa._msdcs.roast.csl", "ldap/Roast.roast.csl/ROAST0", "ldap/ROAST", "ldap/Roast.roast.csl", "ldap/Roast.roast.csl/roast.csl"], "description": null, "operatingsystem": "Windows Server 2019 Standard"}, "RemoteDesktopUsers": [], "DcomUsers": [], "AllowedToDelegate": [], "Sessions": [], "Aces": [{"RightName": "Owner", "AceType": "", "IsInherited": false, "PrincipalSID": "S-1-5-21-4133422454-1522376082-951199702-512", "PrincipalType": "Group"}, {"RightName": "GenericAll", "AceType": "", "IsInherited": false, "PrincipalSID": "S-1-5-21-4133422454-1522376082-951199702-512", "PrincipalType": "Group"}, {"RightName": "GenericAll", "AceType": "", "IsInherited": true, "PrincipalSID": "S-1-5-21-4133422454-1522376082-951199702-519", "PrincipalType": "Group"}, {"RightName": "GenericWrite", "AceType": "", "IsInherited": true, "PrincipalSID": "ROAST.CSL-S-1-5-32-544", "PrincipalType": "Group"}, {"RightName": "WriteOwner", "AceType": "", "IsInherited": true, "PrincipalSID": "ROAST.CSL-S-1-5-32-544", "PrincipalType": "Group"}, {"RightName": "WriteDacl", "AceType": "", "IsInherited": true, "PrincipalSID": "ROAST.CSL-S-1-5-32-544", "PrincipalType": "Group"}]}],"meta":{"type":"computers","count":1, "version":3}}