﻿{"domains":[{"Properties":{"highvalue":true,"name":"ROAST.CSL","domain":"ROAST.CSL","objectid":"S-1-5-21-4133422454-1522376082-951199702","distinguishedname":"DC=roast,DC=csl","description":null,"functionallevel":"2016"},"Users":["S-1-5-21-4133422454-1522376082-951199702-500","S-1-5-21-4133422454-1522376082-951199702-501","S-1-5-21-4133422454-1522376082-951199702-502"],"Computers":[],"ChildOus":["118995E1-B538-4320-A993-034CFC561E7D","2B037BF1-5425-42BB-97E4-FBE7E019A9F8"],"Trusts":[],"Links":[{"IsEnforced":false,"Guid":"886E4C27-57E3-42C0-B033-280E011BF488"}],"RemoteDesktopUsers":[],"LocalAdmins":[],"DcomUsers":[],"PSRemoteUsers":[],"ObjectIdentifier":"S-1-5-21-4133422454-1522376082-951199702","Aces":[{"PrincipalSID":"ROAST.CSL-S-1-5-32-544","PrincipalType":"Group","RightName":"Owner","AceType":"","IsInherited":false},{"PrincipalSID":"ROAST.CSL-S-1-5-32-544","PrincipalType":"Group","RightName":"WriteDacl","AceType":"","IsInherited":false},{"PrincipalSID":"ROAST.CSL-S-1-5-32-544","PrincipalType":"Group","RightName":"WriteOwner","AceType":"","IsInherited":false},{"PrincipalSID":"ROAST.CSL-S-1-5-32-544","PrincipalType":"Group","RightName":"ExtendedRight","AceType":"All","IsInherited":false},{"PrincipalSID":"S-1-5-21-4133422454-1522376082-951199702-512","PrincipalType":"Group","RightName":"WriteDacl","AceType":"","IsInherited":false},{"PrincipalSID":"S-1-5-21-4133422454-1522376082-951199702-512","PrincipalType":"Group","RightName":"WriteOwner","AceType":"","IsInherited":false},{"PrincipalSID":"S-1-5-21-4133422454-1522376082-951199702-512","PrincipalType":"Group","RightName":"ExtendedRight","AceType":"All","IsInherited":false},{"PrincipalSID":"S-1-5-21-4133422454-1522376082-951199702-519","PrincipalType":"Group","RightName":"GenericAll","AceType":"","IsInherited":false},{"PrincipalSID":"ROAST.CSL-S-1-5-9","PrincipalType":"Group","RightName":"ExtendedRight","AceType":"GetChanges","IsInherited":false},{"PrincipalSID":"ROAST.CSL-S-1-5-32-544","PrincipalType":"Group","RightName":"ExtendedRight","AceType":"GetChangesAll","IsInherited":false},{"PrincipalSID":"ROAST.CSL-S-1-5-32-544","PrincipalType":"Group","RightName":"ExtendedRight","AceType":"GetChanges","IsInherited":false},{"PrincipalSID":"S-1-5-21-4133422454-1522376082-951199702-498","PrincipalType":"Group","RightName":"ExtendedRight","AceType":"GetChanges","IsInherited":false},{"PrincipalSID":"S-1-5-21-4133422454-1522376082-951199702-516","PrincipalType":"Group","RightName":"ExtendedRight","AceType":"GetChangesAll","IsInherited":false}]}],"meta":{"count":1,"type":"domains","version":3}}