{"users":[{"AllowedToDelegate": [], "ObjectIdentifier": "S-1-5-21-4133422454-1522376082-951199702-1106", "PrimaryGroupSid": "S-1-5-21-4133422454-1522376082-951199702-513", "Properties": {"name": "ROASTSVC@ROAST.CSL", "domain": "ROAST.CSL", "objectid": "S-1-5-21-4133422454-1522376082-951199702-1106", "distinguishedname": "CN=Roast Svc,OU=Roast,DC=roast,DC=csl", "highvalue": false, "unconstraineddelegation": false, "passwordnotreqd": false}, "Aces": [], "SPNTargets": [], "HasSIDHistory": []},{"AllowedToDelegate": [], "ObjectIdentifier": "S-1-5-21-4133422454-1522376082-951199702-1105", "PrimaryGroupSid": "S-1-5-21-4133422454-1522376082-951199702-513", "Properties": {"name": "SSMITH@ROAST.CSL", "domain": "ROAST.CSL", "objectid": "S-1-5-21-4133422454-1522376082-951199702-1105", "distinguishedname": "CN=Steve Smith,OU=Roast,DC=roast,DC=csl", "highvalue": false, "unconstraineddelegation": false, "passwordnotreqd": false}, "Aces": [], "SPNTargets": [], "HasSIDHistory": []},{"AllowedToDelegate": [], "ObjectIdentifier": "S-1-5-21-4133422454-1522376082-951199702-1104", "PrimaryGroupSid": "S-1-5-21-4133422454-1522376082-951199702-513", "Properties": {"name": "CRHODES@ROAST.CSL", "domain": "ROAST.CSL", "objectid": "S-1-5-21-4133422454-1522376082-951199702-1104", "distinguishedname": "CN=Cody Rhodes,OU=Roast,DC=roast,DC=csl", "highvalue": false, "unconstraineddelegation": false, "passwordnotreqd": false}, "Aces": [], "SPNTargets": [], "HasSIDHistory": []},{"AllowedToDelegate": [], "ObjectIdentifier": "S-1-5-21-4133422454-1522376082-951199702-1103", "PrimaryGroupSid": "S-1-5-21-4133422454-1522376082-951199702-513", "Properties": {"name": "DSMITH@ROAST.CSL", "domain": "ROAST.CSL", "objectid": "S-1-5-21-4133422454-1522376082-951199702-1103", "distinguishedname": "CN=David Smith,OU=Roast,DC=roast,DC=csl", "highvalue": false, "unconstraineddelegation": false, "passwordnotreqd": false}, "Aces": [], "SPNTargets": [], "HasSIDHistory": []},{"AllowedToDelegate": [], "ObjectIdentifier": "S-1-5-21-4133422454-1522376082-951199702-502", "PrimaryGroupSid": "S-1-5-21-4133422454-1522376082-951199702-513", "Properties": {"name": "KRBTGT@ROAST.CSL", "domain": "ROAST.CSL", "objectid": "S-1-5-21-4133422454-1522376082-951199702-502", "distinguishedname": "CN=krbtgt,CN=Users,DC=roast,DC=csl", "highvalue": false, "unconstraineddelegation": false, "passwordnotreqd": false}, "Aces": [], "SPNTargets": [], "HasSIDHistory": []},{"AllowedToDelegate": [], "ObjectIdentifier": "S-1-5-21-4133422454-1522376082-951199702-501", "PrimaryGroupSid": "S-1-5-21-4133422454-1522376082-951199702-514", "Properties": {"name": "GUEST@ROAST.CSL", "domain": "ROAST.CSL", "objectid": "S-1-5-21-4133422454-1522376082-951199702-501", "distinguishedname": "CN=Guest,CN=Users,DC=roast,DC=csl", "highvalue": false, "unconstraineddelegation": false, "passwordnotreqd": false}, "Aces": [], "SPNTargets": [], "HasSIDHistory": []},{"AllowedToDelegate": [], "ObjectIdentifier": "S-1-5-21-4133422454-1522376082-951199702-500", "PrimaryGroupSid": "S-1-5-21-4133422454-1522376082-951199702-513", "Properties": {"name": "ADMINISTRATOR@ROAST.CSL", "domain": "ROAST.CSL", "objectid": "S-1-5-21-4133422454-1522376082-951199702-500", "distinguishedname": "CN=Administrator,CN=Users,DC=roast,DC=csl", "highvalue": false, "unconstraineddelegation": false, "passwordnotreqd": false}, "Aces": [], "SPNTargets": [], "HasSIDHistory": []}],"meta":{"type":"users","count":7, "version":3}}