﻿{"ous":[{"Properties":{"highvalue":false,"name":"DOMAIN CONTROLLERS@SECRET.ORG","domain":"SECRET.ORG","objectid":"C70D5FE7-41D7-49F9-8D95-866B9FF709D6","distinguishedname":"OU=Domain Controllers,DC=SECRET,DC=org","description":"Default container for domain controllers","blocksinheritance":false},"Links":[{"IsEnforced":false,"Guid":"9EE779A5-D3B5-48ED-A4A1-10609BF9A917"}],"ACLProtected":false,"Users":[],"Computers":["S-1-5-21-1622137719-3688965045-4149422869-1000"],"ChildOus":[],"RemoteDesktopUsers":[],"LocalAdmins":[],"DcomUsers":[],"PSRemoteUsers":[],"ObjectIdentifier":"C70D5FE7-41D7-49F9-8D95-866B9FF709D6","Aces":[{"PrincipalSID":"S-1-5-21-1622137719-3688965045-4149422869-512","PrincipalType":"Group","RightName":"Owner","AceType":"","IsInherited":false},{"PrincipalSID":"S-1-5-21-1622137719-3688965045-4149422869-512","PrincipalType":"Group","RightName":"WriteDacl","AceType":"","IsInherited":false},{"PrincipalSID":"S-1-5-21-1622137719-3688965045-4149422869-512","PrincipalType":"Group","RightName":"WriteOwner","AceType":"","IsInherited":false},{"PrincipalSID":"S-1-5-21-1622137719-3688965045-4149422869-519","PrincipalType":"Group","RightName":"GenericAll","AceType":"","IsInherited":true},{"PrincipalSID":"SECRET.ORG-S-1-5-32-544","PrincipalType":"Group","RightName":"WriteDacl","AceType":"","IsInherited":true},{"PrincipalSID":"SECRET.ORG-S-1-5-32-544","PrincipalType":"Group","RightName":"WriteOwner","AceType":"","IsInherited":true}]},{"Properties":{"highvalue":false,"name":"BUILT-IN@SECRET.ORG","domain":"SECRET.ORG","objectid":"55FE1A53-6171-47BB-A4FF-78F019071111","distinguishedname":"OU=Built-In,DC=SECRET,DC=org","description":null,"blocksinheritance":false},"Links":[],"ACLProtected":false,"Users":[],"Computers":[],"ChildOus":[],"RemoteDesktopUsers":[],"LocalAdmins":[],"DcomUsers":[],"PSRemoteUsers":[],"ObjectIdentifier":"55FE1A53-6171-47BB-A4FF-78F019071111","Aces":[{"PrincipalSID":"S-1-5-21-1622137719-3688965045-4149422869-512","PrincipalType":"Group","RightName":"Owner","AceType":"","IsInherited":false},{"PrincipalSID":"S-1-5-21-1622137719-3688965045-4149422869-512","PrincipalType":"Group","RightName":"GenericAll","AceType":"","IsInherited":false},{"PrincipalSID":"S-1-5-21-1622137719-3688965045-4149422869-519","PrincipalType":"Group","RightName":"GenericAll","AceType":"","IsInherited":true},{"PrincipalSID":"SECRET.ORG-S-1-5-32-544","PrincipalType":"Group","RightName":"WriteDacl","AceType":"","IsInherited":true},{"PrincipalSID":"SECRET.ORG-S-1-5-32-544","PrincipalType":"Group","RightName":"WriteOwner","AceType":"","IsInherited":true}]}],"meta":{"count":2,"type":"ous","version":3}}