﻿{"domains":[{"Properties":{"highvalue":true,"name":"SECRET.ORG","domain":"SECRET.ORG","objectid":"S-1-5-21-1622137719-3688965045-4149422869","distinguishedname":"DC=SECRET,DC=org","description":null,"functionallevel":"2016"},"Users":["S-1-5-21-1622137719-3688965045-4149422869-502","S-1-5-21-1622137719-3688965045-4149422869-1103","S-1-5-21-1622137719-3688965045-4149422869-1105","S-1-5-21-1622137719-3688965045-4149422869-1106","S-1-5-21-1622137719-3688965045-4149422869-2103","S-1-5-21-1622137719-3688965045-4149422869-500"],"Computers":[],"ChildOus":["C70D5FE7-41D7-49F9-8D95-866B9FF709D6","55FE1A53-6171-47BB-A4FF-78F019071111"],"Trusts":[],"Links":[{"IsEnforced":false,"Guid":"E3E8FF3D-A506-4310-ABA2-86386D1CE088"}],"RemoteDesktopUsers":[],"LocalAdmins":[],"DcomUsers":[],"PSRemoteUsers":[],"ObjectIdentifier":"S-1-5-21-1622137719-3688965045-4149422869","Aces":[{"PrincipalSID":"SECRET.ORG-S-1-5-32-544","PrincipalType":"Group","RightName":"Owner","AceType":"","IsInherited":false},{"PrincipalSID":"SECRET.ORG-S-1-5-32-544","PrincipalType":"Group","RightName":"WriteDacl","AceType":"","IsInherited":false},{"PrincipalSID":"SECRET.ORG-S-1-5-32-544","PrincipalType":"Group","RightName":"WriteOwner","AceType":"","IsInherited":false},{"PrincipalSID":"SECRET.ORG-S-1-5-32-544","PrincipalType":"Group","RightName":"ExtendedRight","AceType":"All","IsInherited":false},{"PrincipalSID":"S-1-5-21-1622137719-3688965045-4149422869-512","PrincipalType":"Group","RightName":"WriteDacl","AceType":"","IsInherited":false},{"PrincipalSID":"S-1-5-21-1622137719-3688965045-4149422869-512","PrincipalType":"Group","RightName":"WriteOwner","AceType":"","IsInherited":false},{"PrincipalSID":"S-1-5-21-1622137719-3688965045-4149422869-512","PrincipalType":"Group","RightName":"ExtendedRight","AceType":"All","IsInherited":false},{"PrincipalSID":"S-1-5-21-1622137719-3688965045-4149422869-519","PrincipalType":"Group","RightName":"GenericAll","AceType":"","IsInherited":false},{"PrincipalSID":"SECRET.ORG-S-1-5-9","PrincipalType":"Group","RightName":"ExtendedRight","AceType":"GetChanges","IsInherited":false},{"PrincipalSID":"SECRET.ORG-S-1-5-32-544","PrincipalType":"Group","RightName":"ExtendedRight","AceType":"GetChangesAll","IsInherited":false},{"PrincipalSID":"SECRET.ORG-S-1-5-32-544","PrincipalType":"Group","RightName":"ExtendedRight","AceType":"GetChanges","IsInherited":false},{"PrincipalSID":"S-1-5-21-1622137719-3688965045-4149422869-498","PrincipalType":"Group","RightName":"ExtendedRight","AceType":"GetChanges","IsInherited":false},{"PrincipalSID":"S-1-5-21-1622137719-3688965045-4149422869-516","PrincipalType":"Group","RightName":"ExtendedRight","AceType":"GetChangesAll","IsInherited":false}]}],"meta":{"count":1,"type":"domains","version":3}}