﻿{"computers":[{"Properties":{"haslaps":false,"highvalue":false,"name":"SECRET-DC.SECRET.ORG","domain":"SECRET.ORG","objectid":"S-1-5-21-1622137719-3688965045-4149422869-1000","distinguishedname":"CN=SECRET-DC,OU=Domain Controllers,DC=SECRET,DC=org","description":null,"enabled":true,"unconstraineddelegation":true,"serviceprincipalnames":["TERMSRV/SECRET-DC","TERMSRV/SECRET-DC.SECRET.org","Dfsr-12F9A27C-BF97-4787-9364-D31B6C55EB04/SECRET-DC.SECRET.org","ldap/SECRET-DC.SECRET.org/ForestDnsZones.SECRET.org","ldap/SECRET-DC.SECRET.org/DomainDnsZones.SECRET.org","DNS/SECRET-DC.SECRET.org","GC/SECRET-DC.SECRET.org/SECRET.org","RestrictedKrbHost/SECRET-DC.SECRET.org","RestrictedKrbHost/SECRET-DC","RPC/e7524b3b-017f-4943-8af8-4865d14dc184._msdcs.SECRET.org","HOST/SECRET-DC/SECRET","HOST/SECRET-DC.SECRET.org/SECRET","HOST/SECRET-DC","HOST/SECRET-DC.SECRET.org","HOST/SECRET-DC.SECRET.org/SECRET.org","E3514235-4B06-11D1-AB04-00C04FC2DCD2/e7524b3b-017f-4943-8af8-4865d14dc184/SECRET.org","ldap/SECRET-DC/SECRET","ldap/e7524b3b-017f-4943-8af8-4865d14dc184._msdcs.SECRET.org","ldap/SECRET-DC.SECRET.org/SECRET","ldap/SECRET-DC","ldap/SECRET-DC.SECRET.org","ldap/SECRET-DC.SECRET.org/SECRET.org"],"lastlogontimestamp":1593958404,"pwdlastset":1593958381,"operatingsystem":"Windows Server 2019 Standard"},"AllowedToDelegate":[],"AllowedToAct":[],"PrimaryGroupSid":"S-1-5-21-1622137719-3688965045-4149422869-516","Sessions":[],"LocalAdmins":[{"MemberId":"S-1-5-21-1622137719-3688965045-4149422869-500","MemberType":"User"},{"MemberId":"S-1-5-21-1622137719-3688965045-4149422869-519","MemberType":"Group"},{"MemberId":"S-1-5-21-1622137719-3688965045-4149422869-512","MemberType":"Group"},{"MemberId":"S-1-5-21-1622137719-3688965045-4149422869-2101","MemberType":"Group"}],"RemoteDesktopUsers":[],"DcomUsers":[],"PSRemoteUsers":[{"MemberId":"S-1-5-21-1622137719-3688965045-4149422869-1103","MemberType":"User"}],"ObjectIdentifier":"S-1-5-21-1622137719-3688965045-4149422869-1000","Aces":[{"PrincipalSID":"S-1-5-21-1622137719-3688965045-4149422869-512","PrincipalType":"Group","RightName":"Owner","AceType":"","IsInherited":false},{"PrincipalSID":"S-1-5-21-1622137719-3688965045-4149422869-512","PrincipalType":"Group","RightName":"GenericAll","AceType":"","IsInherited":false},{"PrincipalSID":"S-1-5-21-1622137719-3688965045-4149422869-519","PrincipalType":"Group","RightName":"GenericAll","AceType":"","IsInherited":true},{"PrincipalSID":"SECRET.ORG-S-1-5-32-544","PrincipalType":"Group","RightName":"WriteDacl","AceType":"","IsInherited":true},{"PrincipalSID":"SECRET.ORG-S-1-5-32-544","PrincipalType":"Group","RightName":"WriteOwner","AceType":"","IsInherited":true},{"PrincipalSID":"SECRET.ORG-S-1-5-32-544","PrincipalType":"Group","RightName":"GenericWrite","AceType":"","IsInherited":true}]}],"meta":{"count":1,"type":"computers","version":3}}