{"computers":[{"ObjectIdentifier": "S-1-5-21-4133422454-1522376082-951199702-1000", "AllowedToAct": [], "PrimaryGroupSid": "S-1-5-21-4133422454-1522376082-951199702-516", "LocalAdmins": [{"MemberId": "S-1-5-21-4133422454-1522376082-951199702-500", "MemberType": "User"}, {"MemberId": "S-1-5-21-4133422454-1522376082-951199702-519", "MemberType": "Group"}, {"MemberId": "S-1-5-21-4133422454-1522376082-951199702-512", "MemberType": "Group"}], "PSRemoteUsers": [], "Properties": {"name": "ROAST.ROAST.CSL", "objectid": "S-1-5-21-4133422454-1522376082-951199702-1000", "domain": "ROAST.CSL", "highvalue": false, "distinguishedname": "CN=ROAST,OU=Domain Controllers,DC=roast,DC=csl", "unconstraineddelegation": true, "enabled": true}, "RemoteDesktopUsers": [], "DcomUsers": [], "AllowedToDelegate": [], "Sessions": [], "Aces": []}],"meta":{"type":"computers","count":1, "version":3}}