{"groups":[{"ObjectIdentifier": "S-1-5-21-4133422454-1522376082-951199702-1102", "Properties": {"domain": "ROAST.CSL", "objectid": "S-1-5-21-4133422454-1522376082-951199702-1102", "highvalue": false, "name": "DNSUPDATEPROXY@ROAST.CSL", "distinguishedname": "CN=DnsUpdateProxy,CN=Users,DC=roast,DC=csl"}, "Members": [], "Aces": []},{"ObjectIdentifier": "S-1-5-21-4133422454-1522376082-951199702-1101", "Properties": {"domain": "ROAST.CSL", "objectid": "S-1-5-21-4133422454-1522376082-951199702-1101", "highvalue": false, "name": "DNSADMINS@ROAST.CSL", "distinguishedname": "CN=DnsAdmins,CN=Users,DC=roast,DC=csl"}, "Members": [], "Aces": []},{"ObjectIdentifier": "S-1-5-21-4133422454-1522376082-951199702-527", "Properties": {"domain": "ROAST.CSL", "objectid": "S-1-5-21-4133422454-1522376082-951199702-527", "highvalue": false, "name": "ENTERPRISE KEY ADMINS@ROAST.CSL", "distinguishedname": "CN=Enterprise Key Admins,CN=Users,DC=roast,DC=csl"}, "Members": [], "Aces": []},{"ObjectIdentifier": "S-1-5-21-4133422454-1522376082-951199702-526", "Properties": {"domain": "ROAST.CSL", "objectid": "S-1-5-21-4133422454-1522376082-951199702-526", "highvalue": false, "name": "KEY ADMINS@ROAST.CSL", "distinguishedname": "CN=Key Admins,CN=Users,DC=roast,DC=csl"}, "Members": [], "Aces": []},{"ObjectIdentifier": "S-1-5-21-4133422454-1522376082-951199702-525", "Properties": {"domain": "ROAST.CSL", "objectid": "S-1-5-21-4133422454-1522376082-951199702-525", "highvalue": false, "name": "PROTECTED USERS@ROAST.CSL", "distinguishedname": "CN=Protected Users,CN=Users,DC=roast,DC=csl"}, "Members": [], "Aces": []},{"ObjectIdentifier": "S-1-5-21-4133422454-1522376082-951199702-522", "Properties": {"domain": "ROAST.CSL", "objectid": "S-1-5-21-4133422454-1522376082-951199702-522", "highvalue": false, "name": "CLONEABLE DOMAIN CONTROLLERS@ROAST.CSL", "distinguishedname": "CN=Cloneable Domain Controllers,CN=Users,DC=roast,DC=csl"}, "Members": [], "Aces": []},{"ObjectIdentifier": "S-1-5-21-4133422454-1522376082-951199702-498", "Properties": {"domain": "ROAST.CSL", "objectid": "S-1-5-21-4133422454-1522376082-951199702-498", "highvalue": false, "name": "ENTERPRISE READ-ONLY DOMAIN CONTROLLERS@ROAST.CSL", "distinguishedname": "CN=Enterprise Read-only Domain Controllers,CN=Users,DC=roast,DC=csl"}, "Members": [], "Aces": []},{"ObjectIdentifier": "S-1-5-21-4133422454-1522376082-951199702-521", "Properties": {"domain": "ROAST.CSL", "objectid": "S-1-5-21-4133422454-1522376082-951199702-521", "highvalue": false, "name": "READ-ONLY DOMAIN CONTROLLERS@ROAST.CSL", "distinguishedname": "CN=Read-only Domain Controllers,CN=Users,DC=roast,DC=csl"}, "Members": [], "Aces": []},{"ObjectIdentifier": "S-1-5-21-4133422454-1522376082-951199702-572", "Properties": {"domain": "ROAST.CSL", "objectid": "S-1-5-21-4133422454-1522376082-951199702-572", "highvalue": false, "name": "DENIED RODC PASSWORD REPLICATION GROUP@ROAST.CSL", "distinguishedname": "CN=Denied RODC Password Replication Group,CN=Users,DC=roast,DC=csl"}, "Members": [{"MemberId": "S-1-5-21-4133422454-1522376082-951199702-521", "MemberType": "Group"}, {"MemberId": "S-1-5-21-4133422454-1522376082-951199702-520", "MemberType": "Group"}, {"MemberId": "S-1-5-21-4133422454-1522376082-951199702-512", "MemberType": "Group"}, {"MemberId": "S-1-5-21-4133422454-1522376082-951199702-517", "MemberType": "Group"}, {"MemberId": "S-1-5-21-4133422454-1522376082-951199702-519", "MemberType": "Group"}, {"MemberId": "S-1-5-21-4133422454-1522376082-951199702-518", "MemberType": "Group"}, {"MemberId": "S-1-5-21-4133422454-1522376082-951199702-516", "MemberType": "Group"}, {"MemberId": "S-1-5-21-4133422454-1522376082-951199702-502", "MemberType": "User"}], "Aces": []},{"ObjectIdentifier": "S-1-5-21-4133422454-1522376082-951199702-571", "Properties": {"domain": "ROAST.CSL", "objectid": "S-1-5-21-4133422454-1522376082-951199702-571", "highvalue": false, "name": "ALLOWED RODC PASSWORD REPLICATION GROUP@ROAST.CSL", "distinguishedname": "CN=Allowed RODC Password Replication Group,CN=Users,DC=roast,DC=csl"}, "Members": [], "Aces": []},{"ObjectIdentifier": "ROAST.CSL-S-1-5-32-561", "Properties": {"domain": "ROAST.CSL", "objectid": "ROAST.CSL-S-1-5-32-561", "highvalue": false, "name": "TERMINAL SERVER LICENSE SERVERS@ROAST.CSL", "distinguishedname": "CN=Terminal Server License Servers,CN=Builtin,DC=roast,DC=csl"}, "Members": [], "Aces": []},{"ObjectIdentifier": "ROAST.CSL-S-1-5-32-560", "Properties": {"domain": "ROAST.CSL", "objectid": "ROAST.CSL-S-1-5-32-560", "highvalue": false, "name": "WINDOWS AUTHORIZATION ACCESS GROUP@ROAST.CSL", "distinguishedname": "CN=Windows Authorization Access Group,CN=Builtin,DC=roast,DC=csl"}, "Members": [{"MemberId": "ROAST.CSL-S-1-5-9", "MemberType": "Group"}], "Aces": []},{"ObjectIdentifier": "ROAST.CSL-S-1-5-32-557", "Properties": {"domain": "ROAST.CSL", "objectid": "ROAST.CSL-S-1-5-32-557", "highvalue": false, "name": "INCOMING FOREST TRUST BUILDERS@ROAST.CSL", "distinguishedname": "CN=Incoming Forest Trust Builders,CN=Builtin,DC=roast,DC=csl"}, "Members": [], "Aces": []},{"ObjectIdentifier": "ROAST.CSL-S-1-5-32-554", "Properties": {"domain": "ROAST.CSL", "objectid": "ROAST.CSL-S-1-5-32-554", "highvalue": false, "name": "PRE-WINDOWS 2000 COMPATIBLE ACCESS@ROAST.CSL", "distinguishedname": "CN=Pre-Windows 2000 Compatible Access,CN=Builtin,DC=roast,DC=csl"}, "Members": [{"MemberId": "ROAST.CSL-S-1-5-11", "MemberType": "Group"}], "Aces": []},{"ObjectIdentifier": "ROAST.CSL-S-1-5-32-548", "Properties": {"domain": "ROAST.CSL", "objectid": "ROAST.CSL-S-1-5-32-548", "highvalue": true, "name": "ACCOUNT OPERATORS@ROAST.CSL", "distinguishedname": "CN=Account Operators,CN=Builtin,DC=roast,DC=csl"}, "Members": [], "Aces": []},{"ObjectIdentifier": "ROAST.CSL-S-1-5-32-549", "Properties": {"domain": "ROAST.CSL", "objectid": "ROAST.CSL-S-1-5-32-549", "highvalue": true, "name": "SERVER OPERATORS@ROAST.CSL", "distinguishedname": "CN=Server Operators,CN=Builtin,DC=roast,DC=csl"}, "Members": [], "Aces": []},{"ObjectIdentifier": "S-1-5-21-4133422454-1522376082-951199702-553", "Properties": {"domain": "ROAST.CSL", "objectid": "S-1-5-21-4133422454-1522376082-951199702-553", "highvalue": false, "name": "RAS AND IAS SERVERS@ROAST.CSL", "distinguishedname": "CN=RAS and IAS Servers,CN=Users,DC=roast,DC=csl"}, "Members": [], "Aces": []},{"ObjectIdentifier": "S-1-5-21-4133422454-1522376082-951199702-520", "Properties": {"domain": "ROAST.CSL", "objectid": "S-1-5-21-4133422454-1522376082-951199702-520", "highvalue": true, "name": "GROUP POLICY CREATOR OWNERS@ROAST.CSL", "distinguishedname": "CN=Group Policy Creator Owners,CN=Users,DC=roast,DC=csl"}, "Members": [{"MemberId": "S-1-5-21-4133422454-1522376082-951199702-500", "MemberType": "User"}], "Aces": []},{"ObjectIdentifier": "S-1-5-21-4133422454-1522376082-951199702-514", "Properties": {"domain": "ROAST.CSL", "objectid": "S-1-5-21-4133422454-1522376082-951199702-514", "highvalue": false, "name": "DOMAIN GUESTS@ROAST.CSL", "distinguishedname": "CN=Domain Guests,CN=Users,DC=roast,DC=csl"}, "Members": [], "Aces": []},{"ObjectIdentifier": "S-1-5-21-4133422454-1522376082-951199702-513", "Properties": {"domain": "ROAST.CSL", "objectid": "S-1-5-21-4133422454-1522376082-951199702-513", "highvalue": false, "name": "DOMAIN USERS@ROAST.CSL", "distinguishedname": "CN=Domain Users,CN=Users,DC=roast,DC=csl"}, "Members": [], "Aces": []},{"ObjectIdentifier": "S-1-5-21-4133422454-1522376082-951199702-512", "Properties": {"domain": "ROAST.CSL", "objectid": "S-1-5-21-4133422454-1522376082-951199702-512", "highvalue": true, "name": "DOMAIN ADMINS@ROAST.CSL", "distinguishedname": "CN=Domain Admins,CN=Users,DC=roast,DC=csl"}, "Members": [{"MemberId": "S-1-5-21-4133422454-1522376082-951199702-500", "MemberType": "User"}], "Aces": []},{"ObjectIdentifier": "S-1-5-21-4133422454-1522376082-951199702-517", "Properties": {"domain": "ROAST.CSL", "objectid": "S-1-5-21-4133422454-1522376082-951199702-517", "highvalue": false, "name": "CERT PUBLISHERS@ROAST.CSL", "distinguishedname": "CN=Cert Publishers,CN=Users,DC=roast,DC=csl"}, "Members": [], "Aces": []},{"ObjectIdentifier": "S-1-5-21-4133422454-1522376082-951199702-519", "Properties": {"domain": "ROAST.CSL", "objectid": "S-1-5-21-4133422454-1522376082-951199702-519", "highvalue": true, "name": "ENTERPRISE ADMINS@ROAST.CSL", "distinguishedname": "CN=Enterprise Admins,CN=Users,DC=roast,DC=csl"}, "Members": [{"MemberId": "S-1-5-21-4133422454-1522376082-951199702-500", "MemberType": "User"}], "Aces": []},{"ObjectIdentifier": "S-1-5-21-4133422454-1522376082-951199702-518", "Properties": {"domain": "ROAST.CSL", "objectid": "S-1-5-21-4133422454-1522376082-951199702-518", "highvalue": false, "name": "SCHEMA ADMINS@ROAST.CSL", "distinguishedname": "CN=Schema Admins,CN=Users,DC=roast,DC=csl"}, "Members": [{"MemberId": "S-1-5-21-4133422454-1522376082-951199702-500", "MemberType": "User"}], "Aces": []},{"ObjectIdentifier": "S-1-5-21-4133422454-1522376082-951199702-516", "Properties": {"domain": "ROAST.CSL", "objectid": "S-1-5-21-4133422454-1522376082-951199702-516", "highvalue": true, "name": "DOMAIN CONTROLLERS@ROAST.CSL", "distinguishedname": "CN=Domain Controllers,CN=Users,DC=roast,DC=csl"}, "Members": [], "Aces": []},{"ObjectIdentifier": "S-1-5-21-4133422454-1522376082-951199702-515", "Properties": {"domain": "ROAST.CSL", "objectid": "S-1-5-21-4133422454-1522376082-951199702-515", "highvalue": false, "name": "DOMAIN COMPUTERS@ROAST.CSL", "distinguishedname": "CN=Domain Computers,CN=Users,DC=roast,DC=csl"}, "Members": [], "Aces": []},{"ObjectIdentifier": "S-1-5-32-582", "Properties": {"domain": "ROAST.CSL", "objectid": "S-1-5-32-582", "highvalue": false, "name": "STORAGE REPLICA ADMINISTRATORS@ROAST.CSL", "distinguishedname": "CN=Storage Replica Administrators,CN=Builtin,DC=roast,DC=csl"}, "Members": [], "Aces": []},{"ObjectIdentifier": "ROAST.CSL-S-1-5-32-580", "Properties": {"domain": "ROAST.CSL", "objectid": "ROAST.CSL-S-1-5-32-580", "highvalue": false, "name": "REMOTE MANAGEMENT USERS@ROAST.CSL", "distinguishedname": "CN=Remote Management Users,CN=Builtin,DC=roast,DC=csl"}, "Members": [{"MemberId": "S-1-5-21-4133422454-1522376082-951199702-1106", "MemberType": "User"}, {"MemberId": "S-1-5-21-4133422454-1522376082-951199702-1104", "MemberType": "User"}], "Aces": []},{"ObjectIdentifier": "ROAST.CSL-S-1-5-32-579", "Properties": {"domain": "ROAST.CSL", "objectid": "ROAST.CSL-S-1-5-32-579", "highvalue": false, "name": "ACCESS CONTROL ASSISTANCE OPERATORS@ROAST.CSL", "distinguishedname": "CN=Access Control Assistance Operators,CN=Builtin,DC=roast,DC=csl"}, "Members": [], "Aces": []},{"ObjectIdentifier": "ROAST.CSL-S-1-5-32-578", "Properties": {"domain": "ROAST.CSL", "objectid": "ROAST.CSL-S-1-5-32-578", "highvalue": false, "name": "HYPER-V ADMINISTRATORS@ROAST.CSL", "distinguishedname": "CN=Hyper-V Administrators,CN=Builtin,DC=roast,DC=csl"}, "Members": [], "Aces": []},{"ObjectIdentifier": "ROAST.CSL-S-1-5-32-577", "Properties": {"domain": "ROAST.CSL", "objectid": "ROAST.CSL-S-1-5-32-577", "highvalue": false, "name": "RDS MANAGEMENT SERVERS@ROAST.CSL", "distinguishedname": "CN=RDS Management Servers,CN=Builtin,DC=roast,DC=csl"}, "Members": [], "Aces": []},{"ObjectIdentifier": "ROAST.CSL-S-1-5-32-576", "Properties": {"domain": "ROAST.CSL", "objectid": "ROAST.CSL-S-1-5-32-576", "highvalue": false, "name": "RDS ENDPOINT SERVERS@ROAST.CSL", "distinguishedname": "CN=RDS Endpoint Servers,CN=Builtin,DC=roast,DC=csl"}, "Members": [], "Aces": []},{"ObjectIdentifier": "ROAST.CSL-S-1-5-32-575", "Properties": {"domain": "ROAST.CSL", "objectid": "ROAST.CSL-S-1-5-32-575", "highvalue": false, "name": "RDS REMOTE ACCESS SERVERS@ROAST.CSL", "distinguishedname": "CN=RDS Remote Access Servers,CN=Builtin,DC=roast,DC=csl"}, "Members": [], "Aces": []},{"ObjectIdentifier": "ROAST.CSL-S-1-5-32-574", "Properties": {"domain": "ROAST.CSL", "objectid": "ROAST.CSL-S-1-5-32-574", "highvalue": false, "name": "CERTIFICATE SERVICE DCOM ACCESS@ROAST.CSL", "distinguishedname": "CN=Certificate Service DCOM Access,CN=Builtin,DC=roast,DC=csl"}, "Members": [], "Aces": []},{"ObjectIdentifier": "ROAST.CSL-S-1-5-32-573", "Properties": {"domain": "ROAST.CSL", "objectid": "ROAST.CSL-S-1-5-32-573", "highvalue": false, "name": "EVENT LOG READERS@ROAST.CSL", "distinguishedname": "CN=Event Log Readers,CN=Builtin,DC=roast,DC=csl"}, "Members": [], "Aces": []},{"ObjectIdentifier": "ROAST.CSL-S-1-5-32-569", "Properties": {"domain": "ROAST.CSL", "objectid": "ROAST.CSL-S-1-5-32-569", "highvalue": false, "name": "CRYPTOGRAPHIC OPERATORS@ROAST.CSL", "distinguishedname": "CN=Cryptographic Operators,CN=Builtin,DC=roast,DC=csl"}, "Members": [], "Aces": []},{"ObjectIdentifier": "ROAST.CSL-S-1-5-32-568", "Properties": {"domain": "ROAST.CSL", "objectid": "ROAST.CSL-S-1-5-32-568", "highvalue": false, "name": "IIS_IUSRS@ROAST.CSL", "distinguishedname": "CN=IIS_IUSRS,CN=Builtin,DC=roast,DC=csl"}, "Members": [{"MemberId": "ROAST.CSL-S-1-5-17", "MemberType": "Group"}], "Aces": []},{"ObjectIdentifier": "ROAST.CSL-S-1-5-32-562", "Properties": {"domain": "ROAST.CSL", "objectid": "ROAST.CSL-S-1-5-32-562", "highvalue": false, "name": "DISTRIBUTED COM USERS@ROAST.CSL", "distinguishedname": "CN=Distributed COM Users,CN=Builtin,DC=roast,DC=csl"}, "Members": [], "Aces": []},{"ObjectIdentifier": "ROAST.CSL-S-1-5-32-559", "Properties": {"domain": "ROAST.CSL", "objectid": "ROAST.CSL-S-1-5-32-559", "highvalue": false, "name": "PERFORMANCE LOG USERS@ROAST.CSL", "distinguishedname": "CN=Performance Log Users,CN=Builtin,DC=roast,DC=csl"}, "Members": [], "Aces": []},{"ObjectIdentifier": "ROAST.CSL-S-1-5-32-558", "Properties": {"domain": "ROAST.CSL", "objectid": "ROAST.CSL-S-1-5-32-558", "highvalue": false, "name": "PERFORMANCE MONITOR USERS@ROAST.CSL", "distinguishedname": "CN=Performance Monitor Users,CN=Builtin,DC=roast,DC=csl"}, "Members": [], "Aces": []},{"ObjectIdentifier": "ROAST.CSL-S-1-5-32-556", "Properties": {"domain": "ROAST.CSL", "objectid": "ROAST.CSL-S-1-5-32-556", "highvalue": false, "name": "NETWORK CONFIGURATION OPERATORS@ROAST.CSL", "distinguishedname": "CN=Network Configuration Operators,CN=Builtin,DC=roast,DC=csl"}, "Members": [], "Aces": []},{"ObjectIdentifier": "ROAST.CSL-S-1-5-32-555", "Properties": {"domain": "ROAST.CSL", "objectid": "ROAST.CSL-S-1-5-32-555", "highvalue": false, "name": "REMOTE DESKTOP USERS@ROAST.CSL", "distinguishedname": "CN=Remote Desktop Users,CN=Builtin,DC=roast,DC=csl"}, "Members": [], "Aces": []},{"ObjectIdentifier": "ROAST.CSL-S-1-5-32-552", "Properties": {"domain": "ROAST.CSL", "objectid": "ROAST.CSL-S-1-5-32-552", "highvalue": false, "name": "REPLICATOR@ROAST.CSL", "distinguishedname": "CN=Replicator,CN=Builtin,DC=roast,DC=csl"}, "Members": [], "Aces": []},{"ObjectIdentifier": "ROAST.CSL-S-1-5-32-551", "Properties": {"domain": "ROAST.CSL", "objectid": "ROAST.CSL-S-1-5-32-551", "highvalue": true, "name": "BACKUP OPERATORS@ROAST.CSL", "distinguishedname": "CN=Backup Operators,CN=Builtin,DC=roast,DC=csl"}, "Members": [], "Aces": []},{"ObjectIdentifier": "ROAST.CSL-S-1-5-32-550", "Properties": {"domain": "ROAST.CSL", "objectid": "ROAST.CSL-S-1-5-32-550", "highvalue": true, "name": "PRINT OPERATORS@ROAST.CSL", "distinguishedname": "CN=Print Operators,CN=Builtin,DC=roast,DC=csl"}, "Members": [], "Aces": []},{"ObjectIdentifier": "ROAST.CSL-S-1-5-32-546", "Properties": {"domain": "ROAST.CSL", "objectid": "ROAST.CSL-S-1-5-32-546", "highvalue": false, "name": "GUESTS@ROAST.CSL", "distinguishedname": "CN=Guests,CN=Builtin,DC=roast,DC=csl"}, "Members": [{"MemberId": "S-1-5-21-4133422454-1522376082-951199702-514", "MemberType": "Group"}, {"MemberId": "S-1-5-21-4133422454-1522376082-951199702-501", "MemberType": "User"}], "Aces": []},{"ObjectIdentifier": "ROAST.CSL-S-1-5-32-545", "Properties": {"domain": "ROAST.CSL", "objectid": "ROAST.CSL-S-1-5-32-545", "highvalue": false, "name": "USERS@ROAST.CSL", "distinguishedname": "CN=Users,CN=Builtin,DC=roast,DC=csl"}, "Members": [{"MemberId": "S-1-5-21-4133422454-1522376082-951199702-513", "MemberType": "Group"}, {"MemberId": "ROAST.CSL-S-1-5-4", "MemberType": "Group"}, {"MemberId": "ROAST.CSL-S-1-5-11", "MemberType": "Group"}], "Aces": []},{"ObjectIdentifier": "ROAST.CSL-S-1-5-32-544", "Properties": {"domain": "ROAST.CSL", "objectid": "ROAST.CSL-S-1-5-32-544", "highvalue": true, "name": "ADMINISTRATORS@ROAST.CSL", "distinguishedname": "CN=Administrators,CN=Builtin,DC=roast,DC=csl"}, "Members": [{"MemberId": "S-1-5-21-4133422454-1522376082-951199702-512", "MemberType": "Group"}, {"MemberId": "S-1-5-21-4133422454-1522376082-951199702-519", "MemberType": "Group"}, {"MemberId": "S-1-5-21-4133422454-1522376082-951199702-500", "MemberType": "User"}], "Aces": []},{"ObjectIdentifier": "ROAST.CSL-S-1-5-9", "Properties": {"domain": "ROAST.CSL", "name": "ENTERPRISE DOMAIN CONTROLLERS@ROAST.CSL"}, "Members": [{"MemberId": "S-1-5-21-4133422454-1522376082-951199702-1000", "MemberType": "Computer"}], "Aces": []},{"ObjectIdentifier": "ROAST.CSL-S-1-1-0", "Properties": {"domain": "ROAST.CSL", "name": "EVERYONE@ROAST.CSL"}, "Members": [{"MemberId": "S-1-5-21-4133422454-1522376082-951199702-515", "MemberType": "Group"}, {"MemberId": "S-1-5-21-4133422454-1522376082-951199702-513", "MemberType": "Group"}], "Aces": []},{"ObjectIdentifier": "ROAST.CSL-S-1-5-11", "Properties": {"domain": "ROAST.CSL", "name": "AUTHENTICATED USERS@ROAST.CSL"}, "Members": [{"MemberId": "S-1-5-21-4133422454-1522376082-951199702-515", "MemberType": "Group"}, {"MemberId": "S-1-5-21-4133422454-1522376082-951199702-513", "MemberType": "Group"}], "Aces": []}],"meta":{"type":"groups","count":51, "version":3}}